<?xml version="1.0" encoding="UTF-8"?>
<project-private xmlns="http://www.netbeans.org/ns/project-private/1">
    <editor-bookmarks xmlns="http://www.netbeans.org/ns/editor-bookmarks/2" lastBookmarkId="0"/>
    <open-files xmlns="http://www.netbeans.org/ns/projectui-open-files/2">
        <group>
            <file>file:/Users/ShawnCruz/Documents/CSE219PathX/CSE219PathXNew-master/PathX/src/pathx/data/PathXDataModel.java</file>
            <file>file:/Users/ShawnCruz/Documents/CSE219PathX/CSE219PathXNew-master/PathX/src/pathx/PathX.java</file>
            <file>file:/Users/ShawnCruz/Documents/CSE219PathX/CSE219PathXNew-master/PathX/src/pathx/ui/PathXMiniGame.java</file>
            <file>file:/Users/ShawnCruz/Documents/CSE219PathX/CSE219PathXNew-master/PathX/src/pathx/car/PlayerCar.java</file>
            <file>file:/Users/ShawnCruz/Documents/CSE219PathX/CSE219PathXNew-master/PathX/src/pathx/ui/PathXPanel.java</file>
        </group>
    </open-files>
</project-private>
