<?xml version="1.0" encoding="UTF-8" standalone="no"?>
<level image="DeathValleyBackground.png" name="Cali">
     <intersections>
          <intersection id="0" open="true" x="326" y="287"/>
          <intersection id="0" open="true" x="982" y="261"/>
          <intersection id="0" open="false" x="808" y="132"/>
          <intersection id="0" open="false" x="571" y="414"/>
          <intersection id="0" open="true" x="544" y="151"/>
          <intersection id="0" open="true" x="819" y="425"/>
     </intersections>
     <roads>
          <road int_id1="0" int_id2="3" one_way="false" speed_limit="30"/>
          <road int_id1="2" int_id2="1" one_way="false" speed_limit="30"/>
          <road int_id1="0" int_id2="4" one_way="false" speed_limit="30"/>
          <road int_id1="4" int_id2="3" one_way="false" speed_limit="100"/>
          <road int_id1="3" int_id2="5" one_way="false" speed_limit="30"/>
          <road int_id1="5" int_id2="2" one_way="false" speed_limit="100"/>
          <road int_id1="2" int_id2="4" one_way="false" speed_limit="30"/>
          <road int_id1="5" int_id2="1" one_way="true" speed_limit="30"/>
     </roads>
     <start_intersection id="0" image="DefaultStartLocation.png"/>
     <destination_intersection id="1" image="DefaultDestination.png"/>
     <money amount="200"/>
     <police num="3"/>
     <bandits num="4"/>
     <zombies num="5"/>
</level>
