<?xml version="1.0" encoding="UTF-8" standalone="no"?>
<level image="CastleBlack.png" name="Castle Black">
     <intersections>
          <intersection id="0" open="false" x="38" y="39"/>
          <intersection id="0" open="true" x="504" y="299"/>
          <intersection id="0" open="true" x="308" y="42"/>
          <intersection id="0" open="true" x="692" y="38"/>
          <intersection id="0" open="true" x="71" y="301"/>
          <intersection id="0" open="true" x="321" y="565"/>
          <intersection id="0" open="true" x="688" y="565"/>
          <intersection id="0" open="true" x="919" y="287"/>
          <intersection id="0" open="true" x="505" y="151"/>
          <intersection id="0" open="true" x="314" y="300"/>
          <intersection id="0" open="true" x="405" y="443"/>
          <intersection id="0" open="true" x="690" y="294"/>
          <intersection id="0" open="true" x="607" y="439"/>
     </intersections>
     <roads>
          <road int_id1="0" int_id2="0" one_way="false" speed_limit="30"/>
          <road int_id1="4" int_id2="2" one_way="false" speed_limit="30"/>
          <road int_id1="2" int_id2="3" one_way="false" speed_limit="30"/>
          <road int_id1="3" int_id2="7" one_way="false" speed_limit="30"/>
          <road int_id1="7" int_id2="6" one_way="false" speed_limit="30"/>
          <road int_id1="6" int_id2="5" one_way="false" speed_limit="30"/>
          <road int_id1="5" int_id2="4" one_way="false" speed_limit="30"/>
          <road int_id1="9" int_id2="8" one_way="false" speed_limit="30"/>
          <road int_id1="8" int_id2="11" one_way="false" speed_limit="30"/>
          <road int_id1="11" int_id2="12" one_way="false" speed_limit="30"/>
          <road int_id1="12" int_id2="10" one_way="false" speed_limit="30"/>
          <road int_id1="10" int_id2="9" one_way="false" speed_limit="30"/>
          <road int_id1="9" int_id2="1" one_way="false" speed_limit="30"/>
          <road int_id1="10" int_id2="1" one_way="false" speed_limit="30"/>
          <road int_id1="12" int_id2="1" one_way="false" speed_limit="30"/>
          <road int_id1="11" int_id2="1" one_way="false" speed_limit="30"/>
          <road int_id1="8" int_id2="1" one_way="false" speed_limit="30"/>
          <road int_id1="2" int_id2="8" one_way="false" speed_limit="30"/>
          <road int_id1="8" int_id2="3" one_way="false" speed_limit="30"/>
          <road int_id1="11" int_id2="7" one_way="false" speed_limit="30"/>
          <road int_id1="11" int_id2="3" one_way="false" speed_limit="30"/>
          <road int_id1="9" int_id2="2" one_way="false" speed_limit="30"/>
          <road int_id1="9" int_id2="4" one_way="false" speed_limit="30"/>
          <road int_id1="10" int_id2="5" one_way="false" speed_limit="30"/>
          <road int_id1="12" int_id2="6" one_way="false" speed_limit="30"/>
          <road int_id1="11" int_id2="11" one_way="false" speed_limit="30"/>
          <road int_id1="0" int_id2="2" one_way="false" speed_limit="30"/>
     </roads>
     <start_intersection id="0" image="DefaultStartLocation.png"/>
     <destination_intersection id="1" image="DefaultDestination.png"/>
     <money amount="100"/>
     <police num="2"/>
     <bandits num="1"/>
     <zombies num="1"/>
</level>
