<?xml version="1.0" encoding="UTF-8" standalone="no"?>
<level image="DeathValleyBackground.png" name="LevelSample">
     <intersections>
          <intersection id="0" open="true" x="32" y="100"/>
          <intersection id="0" open="true" x="650" y="100"/>
     </intersections>
     <roads/>
     <start_intersection id="0" image="DefaultStartLocation.png"/>
     <destination_intersection id="1" image="DefaultDestination.png"/>
     <money amount="0"/>
     <police num="0"/>
     <bandits num="0"/>
     <zombies num="0"/>
</level>
