<?xml version="1.0" encoding="UTF-8" standalone="no"?>
<level image="L10TheEyrie.png" name="L10TheEyrie">
     <intersections>
          <intersection id="0" open="true" x="44" y="241"/>
          <intersection id="0" open="true" x="948" y="253"/>
          <intersection id="0" open="true" x="159" y="33"/>
          <intersection id="0" open="true" x="276" y="133"/>
          <intersection id="0" open="true" x="174" y="242"/>
          <intersection id="0" open="true" x="238" y="340"/>
          <intersection id="0" open="true" x="160" y="485"/>
          <intersection id="0" open="false" x="401" y="487"/>
          <intersection id="0" open="true" x="479" y="340"/>
          <intersection id="0" open="true" x="392" y="248"/>
          <intersection id="0" open="false" x="414" y="36"/>
          <intersection id="0" open="true" x="672" y="39"/>
          <intersection id="0" open="true" x="794" y="139"/>
          <intersection id="0" open="false" x="777" y="336"/>
          <intersection id="0" open="true" x="688" y="481"/>
          <intersection id="0" open="true" x="526" y="135"/>
          <intersection id="0" open="true" x="690" y="245"/>
     </intersections>
     <roads>
          <road int_id1="0" int_id2="4" one_way="true" speed_limit="30"/>
          <road int_id1="4" int_id2="3" one_way="false" speed_limit="30"/>
          <road int_id1="3" int_id2="2" one_way="false" speed_limit="30"/>
          <road int_id1="4" int_id2="5" one_way="false" speed_limit="30"/>
          <road int_id1="5" int_id2="6" one_way="false" speed_limit="30"/>
          <road int_id1="4" int_id2="9" one_way="false" speed_limit="100"/>
          <road int_id1="9" int_id2="15" one_way="false" speed_limit="30"/>
          <road int_id1="10" int_id2="15" one_way="false" speed_limit="30"/>
          <road int_id1="9" int_id2="8" one_way="false" speed_limit="30"/>
          <road int_id1="8" int_id2="7" one_way="false" speed_limit="30"/>
          <road int_id1="16" int_id2="12" one_way="false" speed_limit="10"/>
          <road int_id1="12" int_id2="11" one_way="false" speed_limit="30"/>
          <road int_id1="16" int_id2="13" one_way="false" speed_limit="30"/>
          <road int_id1="13" int_id2="14" one_way="false" speed_limit="10"/>
          <road int_id1="14" int_id2="7" one_way="false" speed_limit="10"/>
          <road int_id1="8" int_id2="13" one_way="false" speed_limit="10"/>
          <road int_id1="6" int_id2="7" one_way="false" speed_limit="30"/>
          <road int_id1="5" int_id2="8" one_way="false" speed_limit="30"/>
          <road int_id1="9" int_id2="16" one_way="false" speed_limit="30"/>
          <road int_id1="3" int_id2="15" one_way="false" speed_limit="30"/>
          <road int_id1="15" int_id2="12" one_way="false" speed_limit="90"/>
          <road int_id1="2" int_id2="10" one_way="false" speed_limit="30"/>
          <road int_id1="10" int_id2="11" one_way="false" speed_limit="20"/>
          <road int_id1="16" int_id2="1" one_way="true" speed_limit="30"/>
     </roads>
     <start_intersection id="0" image="LocationStart.png"/>
     <destination_intersection id="1" image="LocationDestination.png"/>
     <money amount="400"/>
     <police num="4"/>
     <bandits num="3"/>
     <zombies num="3"/>
</level>
