<?xml version="1.0" encoding="UTF-8" standalone="no"?>
<level image="L11Riverrun.png" name="L11Riverrun">
     <intersections>
          <intersection id="0" open="true" x="52" y="241"/>
          <intersection id="0" open="true" x="1051" y="233"/>
          <intersection id="0" open="true" x="247" y="49"/>
          <intersection id="0" open="true" x="227" y="240"/>
          <intersection id="0" open="true" x="360" y="237"/>
          <intersection id="0" open="true" x="508" y="238"/>
          <intersection id="0" open="true" x="667" y="234"/>
          <intersection id="0" open="true" x="790" y="233"/>
          <intersection id="0" open="true" x="909" y="232"/>
          <intersection id="0" open="true" x="560" y="52"/>
          <intersection id="0" open="true" x="795" y="42"/>
          <intersection id="0" open="true" x="297" y="424"/>
          <intersection id="0" open="true" x="558" y="425"/>
          <intersection id="0" open="false" x="712" y="431"/>
          <intersection id="0" open="true" x="420" y="48"/>
          <intersection id="0" open="false" x="696" y="47"/>
          <intersection id="0" open="true" x="411" y="425"/>
          <intersection id="0" open="true" x="847" y="431"/>
          <intersection id="0" open="true" x="135" y="420"/>
          <intersection id="0" open="true" x="965" y="42"/>
     </intersections>
     <roads>
          <road int_id1="0" int_id2="3" one_way="true" speed_limit="30"/>
          <road int_id1="8" int_id2="1" one_way="true" speed_limit="30"/>
          <road int_id1="3" int_id2="4" one_way="false" speed_limit="30"/>
          <road int_id1="4" int_id2="2" one_way="false" speed_limit="10"/>
          <road int_id1="4" int_id2="18" one_way="false" speed_limit="100"/>
          <road int_id1="18" int_id2="11" one_way="false" speed_limit="30"/>
          <road int_id1="11" int_id2="5" one_way="false" speed_limit="100"/>
          <road int_id1="5" int_id2="6" one_way="false" speed_limit="30"/>
          <road int_id1="6" int_id2="16" one_way="false" speed_limit="30"/>
          <road int_id1="16" int_id2="12" one_way="false" speed_limit="30"/>
          <road int_id1="12" int_id2="7" one_way="false" speed_limit="100"/>
          <road int_id1="7" int_id2="8" one_way="false" speed_limit="100"/>
          <road int_id1="8" int_id2="13" one_way="false" speed_limit="30"/>
          <road int_id1="13" int_id2="17" one_way="false" speed_limit="30"/>
          <road int_id1="17" int_id2="1" one_way="false" speed_limit="30"/>
          <road int_id1="2" int_id2="14" one_way="false" speed_limit="10"/>
          <road int_id1="14" int_id2="14" one_way="false" speed_limit="30"/>
          <road int_id1="14" int_id2="5" one_way="false" speed_limit="10"/>
          <road int_id1="6" int_id2="9" one_way="false" speed_limit="10"/>
          <road int_id1="9" int_id2="15" one_way="false" speed_limit="30"/>
          <road int_id1="15" int_id2="7" one_way="false" speed_limit="30"/>
          <road int_id1="8" int_id2="10" one_way="false" speed_limit="30"/>
          <road int_id1="10" int_id2="19" one_way="false" speed_limit="30"/>
          <road int_id1="19" int_id2="1" one_way="false" speed_limit="30"/>
     </roads>
     <start_intersection id="0" image="LocationStart.png"/>
     <destination_intersection id="1" image="LocationDestination.png"/>
     <money amount="400"/>
     <police num="4"/>
     <bandits num="4"/>
     <zombies num="3"/>
</level>
