<?xml version="1.0" encoding="UTF-8" standalone="no"?>
<level image="L12CasterlyRock.png" name="L12CasterlyRock">
     <intersections>
          <intersection id="0" open="true" x="56" y="233"/>
          <intersection id="0" open="true" x="943" y="234"/>
          <intersection id="0" open="true" x="190" y="235"/>
          <intersection id="0" open="true" x="106" y="401"/>
          <intersection id="0" open="true" x="323" y="312"/>
          <intersection id="0" open="true" x="478" y="428"/>
          <intersection id="0" open="true" x="648" y="121"/>
          <intersection id="0" open="true" x="649" y="340"/>
          <intersection id="0" open="true" x="827" y="448"/>
          <intersection id="0" open="true" x="289" y="529"/>
          <intersection id="0" open="true" x="776" y="232"/>
          <intersection id="0" open="true" x="886" y="32"/>
          <intersection id="0" open="true" x="474" y="36"/>
          <intersection id="0" open="true" x="314" y="119"/>
          <intersection id="0" open="true" x="476" y="231"/>
          <intersection id="0" open="true" x="100" y="35"/>
          <intersection id="0" open="false" x="650" y="531"/>
     </intersections>
     <roads>
          <road int_id1="0" int_id2="2" one_way="true" speed_limit="30"/>
          <road int_id1="2" int_id2="4" one_way="false" speed_limit="30"/>
          <road int_id1="4" int_id2="3" one_way="false" speed_limit="10"/>
          <road int_id1="3" int_id2="9" one_way="false" speed_limit="30"/>
          <road int_id1="9" int_id2="5" one_way="false" speed_limit="90"/>
          <road int_id1="5" int_id2="16" one_way="false" speed_limit="30"/>
          <road int_id1="16" int_id2="8" one_way="false" speed_limit="30"/>
          <road int_id1="10" int_id2="10" one_way="false" speed_limit="30"/>
          <road int_id1="8" int_id2="7" one_way="false" speed_limit="30"/>
          <road int_id1="7" int_id2="10" one_way="false" speed_limit="30"/>
          <road int_id1="2" int_id2="13" one_way="false" speed_limit="30"/>
          <road int_id1="13" int_id2="15" one_way="false" speed_limit="30"/>
          <road int_id1="15" int_id2="12" one_way="true" speed_limit="30"/>
          <road int_id1="12" int_id2="14" one_way="false" speed_limit="30"/>
          <road int_id1="10" int_id2="6" one_way="false" speed_limit="30"/>
          <road int_id1="6" int_id2="11" one_way="false" speed_limit="30"/>
          <road int_id1="11" int_id2="12" one_way="false" speed_limit="30"/>
          <road int_id1="13" int_id2="13" one_way="false" speed_limit="30"/>
          <road int_id1="14" int_id2="7" one_way="false" speed_limit="30"/>
          <road int_id1="14" int_id2="4" one_way="false" speed_limit="30"/>
          <road int_id1="14" int_id2="10" one_way="false" speed_limit="100"/>
          <road int_id1="14" int_id2="2" one_way="false" speed_limit="100"/>
          <road int_id1="14" int_id2="5" one_way="true" speed_limit="30"/>
          <road int_id1="10" int_id2="1" one_way="true" speed_limit="30"/>
     </roads>
     <start_intersection id="0" image="LocationStart.png"/>
     <destination_intersection id="1" image="LocationDestination.png"/>
     <money amount="400"/>
     <police num="4"/>
     <bandits num="4"/>
     <zombies num="4"/>
</level>
