<?xml version="1.0" encoding="UTF-8" standalone="no"?>
<level image="L13OldOak.png" name="L13OldOak">
     <intersections>
          <intersection id="0" open="true" x="51" y="230"/>
          <intersection id="0" open="true" x="971" y="235"/>
          <intersection id="0" open="true" x="471" y="245"/>
          <intersection id="0" open="true" x="51" y="385"/>
          <intersection id="0" open="true" x="49" y="104"/>
          <intersection id="0" open="true" x="190" y="32"/>
          <intersection id="0" open="true" x="193" y="505"/>
          <intersection id="0" open="true" x="467" y="509"/>
          <intersection id="0" open="true" x="447" y="30"/>
          <intersection id="0" open="false" x="707" y="511"/>
          <intersection id="0" open="true" x="855" y="509"/>
          <intersection id="0" open="false" x="848" y="37"/>
          <intersection id="0" open="true" x="699" y="39"/>
          <intersection id="0" open="true" x="703" y="248"/>
          <intersection id="0" open="true" x="252" y="232"/>
          <intersection id="0" open="true" x="355" y="390"/>
          <intersection id="0" open="false" x="583" y="398"/>
          <intersection id="0" open="true" x="358" y="123"/>
          <intersection id="0" open="true" x="578" y="123"/>
          <intersection id="0" open="true" x="848" y="249"/>
     </intersections>
     <roads>
          <road int_id1="0" int_id2="14" one_way="true" speed_limit="30"/>
          <road int_id1="19" int_id2="1" one_way="true" speed_limit="30"/>
          <road int_id1="17" int_id2="2" one_way="false" speed_limit="100"/>
          <road int_id1="2" int_id2="18" one_way="false" speed_limit="100"/>
          <road int_id1="18" int_id2="13" one_way="false" speed_limit="100"/>
          <road int_id1="19" int_id2="11" one_way="false" speed_limit="30"/>
          <road int_id1="11" int_id2="12" one_way="false" speed_limit="30"/>
          <road int_id1="12" int_id2="8" one_way="false" speed_limit="30"/>
          <road int_id1="8" int_id2="5" one_way="false" speed_limit="30"/>
          <road int_id1="5" int_id2="4" one_way="false" speed_limit="30"/>
          <road int_id1="4" int_id2="14" one_way="false" speed_limit="30"/>
          <road int_id1="14" int_id2="3" one_way="false" speed_limit="30"/>
          <road int_id1="3" int_id2="6" one_way="false" speed_limit="30"/>
          <road int_id1="6" int_id2="7" one_way="false" speed_limit="30"/>
          <road int_id1="7" int_id2="9" one_way="false" speed_limit="30"/>
          <road int_id1="9" int_id2="10" one_way="false" speed_limit="30"/>
          <road int_id1="10" int_id2="19" one_way="false" speed_limit="30"/>
          <road int_id1="13" int_id2="16" one_way="false" speed_limit="30"/>
          <road int_id1="2" int_id2="16" one_way="false" speed_limit="30"/>
          <road int_id1="2" int_id2="15" one_way="false" speed_limit="100"/>
          <road int_id1="17" int_id2="5" one_way="false" speed_limit="30"/>
          <road int_id1="15" int_id2="6" one_way="false" speed_limit="30"/>
          <road int_id1="16" int_id2="7" one_way="false" speed_limit="30"/>
          <road int_id1="18" int_id2="8" one_way="false" speed_limit="30"/>
          <road int_id1="13" int_id2="12" one_way="false" speed_limit="30"/>
          <road int_id1="13" int_id2="9" one_way="false" speed_limit="30"/>
          <road int_id1="14" int_id2="17" one_way="false" speed_limit="30"/>
          <road int_id1="14" int_id2="15" one_way="false" speed_limit="100"/>
          <road int_id1="13" int_id2="11" one_way="false" speed_limit="30"/>
          <road int_id1="13" int_id2="10" one_way="false" speed_limit="30"/>
          <road int_id1="19" int_id2="13" one_way="true" speed_limit="30"/>
     </roads>
     <start_intersection id="0" image="LocationStart.png"/>
     <destination_intersection id="1" image="LocationDestination.png"/>
     <money amount="500"/>
     <police num="5"/>
     <bandits num="4"/>
     <zombies num="4"/>
</level>
