<?xml version="1.0" encoding="UTF-8" standalone="no"?>
<level image="L14Highgarden.png" name="L14Highgarden">
     <intersections>
          <intersection id="0" open="true" x="51" y="254"/>
          <intersection id="0" open="true" x="979" y="267"/>
          <intersection id="0" open="true" x="82" y="32"/>
          <intersection id="0" open="true" x="305" y="26"/>
          <intersection id="0" open="true" x="518" y="21"/>
          <intersection id="0" open="true" x="64" y="521"/>
          <intersection id="0" open="true" x="298" y="532"/>
          <intersection id="0" open="true" x="530" y="534"/>
          <intersection id="0" open="true" x="143" y="380"/>
          <intersection id="0" open="true" x="360" y="391"/>
          <intersection id="0" open="true" x="596" y="387"/>
          <intersection id="0" open="true" x="161" y="137"/>
          <intersection id="0" open="false" x="354" y="142"/>
          <intersection id="0" open="true" x="603" y="142"/>
          <intersection id="0" open="true" x="205" y="253"/>
          <intersection id="0" open="true" x="406" y="262"/>
          <intersection id="0" open="false" x="656" y="261"/>
          <intersection id="0" open="true" x="807" y="44"/>
          <intersection id="0" open="true" x="818" y="265"/>
          <intersection id="0" open="true" x="821" y="527"/>
     </intersections>
     <roads>
          <road int_id1="0" int_id2="14" one_way="true" speed_limit="30"/>
          <road int_id1="14" int_id2="12" one_way="false" speed_limit="30"/>
          <road int_id1="12" int_id2="16" one_way="false" speed_limit="30"/>
          <road int_id1="16" int_id2="18" one_way="false" speed_limit="30"/>
          <road int_id1="14" int_id2="9" one_way="false" speed_limit="100"/>
          <road int_id1="9" int_id2="16" one_way="false" speed_limit="30"/>
          <road int_id1="9" int_id2="7" one_way="false" speed_limit="30"/>
          <road int_id1="7" int_id2="19" one_way="false" speed_limit="100"/>
          <road int_id1="19" int_id2="10" one_way="false" speed_limit="100"/>
          <road int_id1="10" int_id2="18" one_way="false" speed_limit="100"/>
          <road int_id1="12" int_id2="4" one_way="false" speed_limit="30"/>
          <road int_id1="4" int_id2="17" one_way="false" speed_limit="30"/>
          <road int_id1="17" int_id2="13" one_way="false" speed_limit="40"/>
          <road int_id1="13" int_id2="18" one_way="false" speed_limit="10"/>
          <road int_id1="14" int_id2="11" one_way="false" speed_limit="30"/>
          <road int_id1="11" int_id2="2" one_way="false" speed_limit="30"/>
          <road int_id1="2" int_id2="12" one_way="false" speed_limit="30"/>
          <road int_id1="12" int_id2="3" one_way="false" speed_limit="30"/>
          <road int_id1="3" int_id2="4" one_way="false" speed_limit="30"/>
          <road int_id1="14" int_id2="8" one_way="false" speed_limit="30"/>
          <road int_id1="8" int_id2="5" one_way="false" speed_limit="30"/>
          <road int_id1="5" int_id2="9" one_way="true" speed_limit="30"/>
          <road int_id1="9" int_id2="6" one_way="false" speed_limit="30"/>
          <road int_id1="6" int_id2="7" one_way="false" speed_limit="30"/>
          <road int_id1="18" int_id2="1" one_way="true" speed_limit="30"/>
          <road int_id1="15" int_id2="12" one_way="false" speed_limit="30"/>
          <road int_id1="15" int_id2="9" one_way="false" speed_limit="30"/>
          <road int_id1="15" int_id2="16" one_way="true" speed_limit="30"/>
     </roads>
     <start_intersection id="0" image="LocationStart.png"/>
     <destination_intersection id="1" image="LocationDestination.png"/>
     <money amount="500"/>
     <police num="5"/>
     <bandits num="5"/>
     <zombies num="4"/>
</level>
