<?xml version="1.0" encoding="UTF-8" standalone="no"?>
<level image="L16RedMountains.png" name="L15OldTown">
     <intersections>
          <intersection id="0" open="true" x="44" y="257"/>
          <intersection id="0" open="true" x="536" y="292"/>
          <intersection id="0" open="true" x="144" y="260"/>
          <intersection id="0" open="true" x="338" y="266"/>
          <intersection id="0" open="true" x="667" y="412"/>
          <intersection id="0" open="false" x="231" y="422"/>
          <intersection id="0" open="true" x="395" y="417"/>
          <intersection id="0" open="true" x="259" y="146"/>
          <intersection id="0" open="true" x="772" y="263"/>
          <intersection id="0" open="true" x="664" y="147"/>
          <intersection id="0" open="true" x="533" y="39"/>
          <intersection id="0" open="false" x="403" y="147"/>
          <intersection id="0" open="true" x="236" y="29"/>
          <intersection id="0" open="true" x="105" y="63"/>
          <intersection id="0" open="true" x="55" y="463"/>
          <intersection id="0" open="true" x="179" y="555"/>
          <intersection id="0" open="true" x="534" y="540"/>
     </intersections>
     <roads>
          <road int_id1="0" int_id2="2" one_way="true" speed_limit="30"/>
          <road int_id1="2" int_id2="2" one_way="false" speed_limit="30"/>
          <road int_id1="2" int_id2="13" one_way="false" speed_limit="30"/>
          <road int_id1="2" int_id2="14" one_way="false" speed_limit="30"/>
          <road int_id1="14" int_id2="15" one_way="false" speed_limit="30"/>
          <road int_id1="15" int_id2="5" one_way="false" speed_limit="30"/>
          <road int_id1="5" int_id2="2" one_way="false" speed_limit="30"/>
          <road int_id1="2" int_id2="7" one_way="false" speed_limit="30"/>
          <road int_id1="7" int_id2="12" one_way="false" speed_limit="30"/>
          <road int_id1="12" int_id2="13" one_way="false" speed_limit="30"/>
          <road int_id1="2" int_id2="3" one_way="false" speed_limit="100"/>
          <road int_id1="3" int_id2="11" one_way="false" speed_limit="30"/>
          <road int_id1="11" int_id2="10" one_way="false" speed_limit="30"/>
          <road int_id1="10" int_id2="9" one_way="false" speed_limit="30"/>
          <road int_id1="9" int_id2="8" one_way="false" speed_limit="30"/>
          <road int_id1="8" int_id2="4" one_way="false" speed_limit="30"/>
          <road int_id1="4" int_id2="16" one_way="false" speed_limit="30"/>
          <road int_id1="16" int_id2="6" one_way="false" speed_limit="30"/>
          <road int_id1="6" int_id2="3" one_way="false" speed_limit="80"/>
          <road int_id1="3" int_id2="5" one_way="false" speed_limit="30"/>
          <road int_id1="3" int_id2="7" one_way="false" speed_limit="30"/>
          <road int_id1="11" int_id2="9" one_way="false" speed_limit="30"/>
          <road int_id1="9" int_id2="4" one_way="false" speed_limit="100"/>
          <road int_id1="4" int_id2="6" one_way="false" speed_limit="90"/>
          <road int_id1="9" int_id2="1" one_way="true" speed_limit="30"/>
          <road int_id1="6" int_id2="11" one_way="false" speed_limit="30"/>
          <road int_id1="16" int_id2="16" one_way="false" speed_limit="30"/>
          <road int_id1="6" int_id2="15" one_way="false" speed_limit="30"/>
          <road int_id1="11" int_id2="12" one_way="false" speed_limit="30"/>
     </roads>
     <start_intersection id="0" image="LocationStart.png"/>
     <destination_intersection id="1" image="LocationDestination.png"/>
     <money amount="500"/>
     <police num="5"/>
     <bandits num="5"/>
     <zombies num="5"/>
</level>
