<?xml version="1.0" encoding="UTF-8" standalone="no"?>
<level image="L16RedMountains.png" name="L16RedMountains">
     <intersections>
          <intersection id="0" open="false" x="239" y="276"/>
          <intersection id="0" open="false" x="714" y="283"/>
          <intersection id="0" open="false" x="388" y="86"/>
          <intersection id="0" open="true" x="391" y="277"/>
          <intersection id="0" open="true" x="389" y="494"/>
          <intersection id="0" open="true" x="72" y="541"/>
          <intersection id="0" open="true" x="70" y="42"/>
          <intersection id="0" open="true" x="534" y="174"/>
          <intersection id="0" open="true" x="711" y="37"/>
          <intersection id="0" open="true" x="712" y="161"/>
          <intersection id="0" open="true" x="733" y="547"/>
          <intersection id="0" open="true" x="531" y="353"/>
          <intersection id="0" open="true" x="244" y="411"/>
          <intersection id="0" open="true" x="243" y="166"/>
          <intersection id="0" open="true" x="70" y="277"/>
          <intersection id="0" open="true" x="735" y="411"/>
          <intersection id="0" open="false" x="530" y="561"/>
          <intersection id="0" open="true" x="239" y="552"/>
          <intersection id="0" open="true" x="67" y="159"/>
          <intersection id="0" open="true" x="243" y="42"/>
          <intersection id="0" open="true" x="526" y="30"/>
          <intersection id="0" open="true" x="72" y="408"/>
     </intersections>
     <roads>
          <road int_id1="0" int_id2="14" one_way="true" speed_limit="30"/>
          <road int_id1="9" int_id2="1" one_way="true" speed_limit="30"/>
          <road int_id1="14" int_id2="18" one_way="false" speed_limit="100"/>
          <road int_id1="18" int_id2="6" one_way="false" speed_limit="30"/>
          <road int_id1="6" int_id2="19" one_way="false" speed_limit="30"/>
          <road int_id1="14" int_id2="21" one_way="false" speed_limit="90"/>
          <road int_id1="21" int_id2="5" one_way="false" speed_limit="30"/>
          <road int_id1="5" int_id2="17" one_way="false" speed_limit="30"/>
          <road int_id1="17" int_id2="12" one_way="false" speed_limit="30"/>
          <road int_id1="12" int_id2="4" one_way="false" speed_limit="30"/>
          <road int_id1="4" int_id2="3" one_way="false" speed_limit="80"/>
          <road int_id1="3" int_id2="11" one_way="false" speed_limit="30"/>
          <road int_id1="11" int_id2="16" one_way="false" speed_limit="30"/>
          <road int_id1="16" int_id2="10" one_way="false" speed_limit="30"/>
          <road int_id1="10" int_id2="15" one_way="false" speed_limit="30"/>
          <road int_id1="15" int_id2="7" one_way="false" speed_limit="30"/>
          <road int_id1="7" int_id2="9" one_way="false" speed_limit="90"/>
          <road int_id1="8" int_id2="9" one_way="false" speed_limit="30"/>
          <road int_id1="8" int_id2="20" one_way="false" speed_limit="30"/>
          <road int_id1="20" int_id2="7" one_way="false" speed_limit="30"/>
          <road int_id1="7" int_id2="2" one_way="false" speed_limit="30"/>
          <road int_id1="2" int_id2="13" one_way="false" speed_limit="30"/>
          <road int_id1="13" int_id2="19" one_way="false" speed_limit="30"/>
          <road int_id1="19" int_id2="20" one_way="false" speed_limit="30"/>
          <road int_id1="2" int_id2="3" one_way="false" speed_limit="30"/>
          <road int_id1="12" int_id2="3" one_way="false" speed_limit="80"/>
          <road int_id1="3" int_id2="7" one_way="false" speed_limit="80"/>
          <road int_id1="7" int_id2="8" one_way="false" speed_limit="30"/>
          <road int_id1="12" int_id2="21" one_way="false" speed_limit="100"/>
     </roads>
     <start_intersection id="0" image="LocationStart.png"/>
     <destination_intersection id="1" image="LocationDestination.png"/>
     <money amount="600"/>
     <police num="6"/>
     <bandits num="5"/>
     <zombies num="5"/>
</level>
