<?xml version="1.0" encoding="UTF-8" standalone="no"?>
<level image="L18Tarth.png" name="L18Tarth">
     <intersections>
          <intersection id="0" open="true" x="213" y="233"/>
          <intersection id="0" open="true" x="402" y="231"/>
          <intersection id="0" open="false" x="403" y="367"/>
          <intersection id="0" open="true" x="47" y="44"/>
          <intersection id="0" open="true" x="43" y="493"/>
          <intersection id="0" open="true" x="47" y="232"/>
          <intersection id="0" open="true" x="403" y="40"/>
          <intersection id="0" open="true" x="579" y="231"/>
          <intersection id="0" open="true" x="434" y="487"/>
          <intersection id="0" open="true" x="659" y="47"/>
          <intersection id="0" open="true" x="730" y="366"/>
          <intersection id="0" open="true" x="972" y="33"/>
          <intersection id="0" open="true" x="975" y="502"/>
          <intersection id="0" open="true" x="972" y="266"/>
          <intersection id="0" open="true" x="648" y="487"/>
          <intersection id="0" open="true" x="795" y="497"/>
          <intersection id="0" open="true" x="544" y="40"/>
          <intersection id="0" open="true" x="812" y="34"/>
          <intersection id="0" open="true" x="228" y="44"/>
          <intersection id="0" open="true" x="256" y="487"/>
          <intersection id="0" open="true" x="560" y="379"/>
          <intersection id="0" open="true" x="869" y="417"/>
          <intersection id="0" open="true" x="754" y="180"/>
          <intersection id="0" open="true" x="689" y="276"/>
     </intersections>
     <roads>
          <road int_id1="0" int_id2="19" one_way="true" speed_limit="100"/>
          <road int_id1="19" int_id2="2" one_way="false" speed_limit="30"/>
          <road int_id1="2" int_id2="1" one_way="true" speed_limit="30"/>
          <road int_id1="19" int_id2="8" one_way="false" speed_limit="100"/>
          <road int_id1="8" int_id2="14" one_way="false" speed_limit="30"/>
          <road int_id1="14" int_id2="10" one_way="false" speed_limit="30"/>
          <road int_id1="10" int_id2="15" one_way="true" speed_limit="30"/>
          <road int_id1="15" int_id2="12" one_way="false" speed_limit="30"/>
          <road int_id1="12" int_id2="13" one_way="false" speed_limit="30"/>
          <road int_id1="13" int_id2="11" one_way="false" speed_limit="30"/>
          <road int_id1="11" int_id2="17" one_way="false" speed_limit="30"/>
          <road int_id1="17" int_id2="9" one_way="false" speed_limit="30"/>
          <road int_id1="9" int_id2="7" one_way="true" speed_limit="30"/>
          <road int_id1="7" int_id2="16" one_way="false" speed_limit="100"/>
          <road int_id1="16" int_id2="6" one_way="false" speed_limit="30"/>
          <road int_id1="6" int_id2="1" one_way="true" speed_limit="10"/>
          <road int_id1="19" int_id2="5" one_way="false" speed_limit="10"/>
          <road int_id1="5" int_id2="3" one_way="false" speed_limit="10"/>
          <road int_id1="3" int_id2="18" one_way="false" speed_limit="10"/>
          <road int_id1="18" int_id2="6" one_way="false" speed_limit="10"/>
          <road int_id1="19" int_id2="4" one_way="false" speed_limit="30"/>
          <road int_id1="4" int_id2="5" one_way="false" speed_limit="30"/>
          <road int_id1="8" int_id2="20" one_way="false" speed_limit="100"/>
          <road int_id1="20" int_id2="23" one_way="false" speed_limit="100"/>
          <road int_id1="23" int_id2="7" one_way="false" speed_limit="100"/>
          <road int_id1="23" int_id2="22" one_way="false" speed_limit="30"/>
          <road int_id1="22" int_id2="17" one_way="false" speed_limit="30"/>
          <road int_id1="22" int_id2="21" one_way="true" speed_limit="30"/>
          <road int_id1="21" int_id2="13" one_way="false" speed_limit="30"/>
          <road int_id1="13" int_id2="22" one_way="false" speed_limit="30"/>
     </roads>
     <start_intersection id="0" image="LocationStart.png"/>
     <destination_intersection id="1" image="LocationDestination.png"/>
     <money amount="600"/>
     <police num="6"/>
     <bandits num="6"/>
     <zombies num="6"/>
</level>
