<?xml version="1.0" encoding="UTF-8" standalone="no"?>
<level image="L2CastleBlack.png" name="L2CastleBlack">
     <intersections>
          <intersection id="0" open="true" x="46" y="264"/>
          <intersection id="0" open="false" x="669" y="260"/>
          <intersection id="0" open="true" x="194" y="97"/>
          <intersection id="0" open="true" x="482" y="91"/>
          <intersection id="0" open="true" x="191" y="450"/>
          <intersection id="0" open="true" x="484" y="266"/>
          <intersection id="0" open="true" x="490" y="449"/>
          <intersection id="0" open="true" x="197" y="267"/>
          <intersection id="0" open="true" x="344" y="185"/>
          <intersection id="0" open="true" x="354" y="354"/>
     </intersections>
     <roads>
          <road int_id1="2" int_id2="3" one_way="false" speed_limit="30"/>
          <road int_id1="4" int_id2="6" one_way="false" speed_limit="30"/>
          <road int_id1="6" int_id2="5" one_way="false" speed_limit="30"/>
          <road int_id1="0" int_id2="7" one_way="true" speed_limit="30"/>
          <road int_id1="7" int_id2="2" one_way="false" speed_limit="30"/>
          <road int_id1="2" int_id2="8" one_way="false" speed_limit="30"/>
          <road int_id1="7" int_id2="8" one_way="false" speed_limit="30"/>
          <road int_id1="8" int_id2="3" one_way="false" speed_limit="30"/>
          <road int_id1="8" int_id2="5" one_way="false" speed_limit="30"/>
          <road int_id1="5" int_id2="3" one_way="false" speed_limit="30"/>
          <road int_id1="5" int_id2="7" one_way="false" speed_limit="30"/>
          <road int_id1="5" int_id2="1" one_way="true" speed_limit="30"/>
          <road int_id1="7" int_id2="4" one_way="false" speed_limit="30"/>
          <road int_id1="4" int_id2="9" one_way="false" speed_limit="30"/>
          <road int_id1="9" int_id2="6" one_way="false" speed_limit="30"/>
          <road int_id1="9" int_id2="5" one_way="false" speed_limit="30"/>
          <road int_id1="9" int_id2="7" one_way="false" speed_limit="30"/>
     </roads>
     <start_intersection id="0" image="LocationStart.png"/>
     <destination_intersection id="1" image="LocationDestination.png"/>
     <money amount="100"/>
     <police num="1"/>
     <bandits num="1"/>
     <zombies num="1"/>
</level>
