<?xml version="1.0" encoding="UTF-8" standalone="no"?>
<level image="L5Winterfell.png" name="L5Winterfell">
     <intersections>
          <intersection id="0" open="true" x="74" y="188"/>
          <intersection id="0" open="true" x="730" y="278"/>
          <intersection id="0" open="true" x="223" y="189"/>
          <intersection id="0" open="true" x="229" y="321"/>
          <intersection id="0" open="false" x="220" y="66"/>
          <intersection id="0" open="true" x="383" y="110"/>
          <intersection id="0" open="true" x="384" y="238"/>
          <intersection id="0" open="true" x="385" y="374"/>
          <intersection id="0" open="true" x="527" y="141"/>
          <intersection id="0" open="true" x="529" y="280"/>
          <intersection id="0" open="true" x="527" y="434"/>
     </intersections>
     <roads>
          <road int_id1="4" int_id2="4" one_way="false" speed_limit="30"/>
          <road int_id1="4" int_id2="2" one_way="false" speed_limit="30"/>
          <road int_id1="2" int_id2="3" one_way="false" speed_limit="10"/>
          <road int_id1="3" int_id2="7" one_way="false" speed_limit="30"/>
          <road int_id1="7" int_id2="10" one_way="false" speed_limit="30"/>
          <road int_id1="4" int_id2="5" one_way="false" speed_limit="30"/>
          <road int_id1="5" int_id2="8" one_way="false" speed_limit="30"/>
          <road int_id1="0" int_id2="2" one_way="true" speed_limit="30"/>
          <road int_id1="2" int_id2="6" one_way="false" speed_limit="30"/>
          <road int_id1="6" int_id2="9" one_way="false" speed_limit="100"/>
          <road int_id1="10" int_id2="9" one_way="false" speed_limit="30"/>
          <road int_id1="9" int_id2="8" one_way="false" speed_limit="30"/>
          <road int_id1="9" int_id2="1" one_way="true" speed_limit="30"/>
          <road int_id1="4" int_id2="4" one_way="false" speed_limit="30"/>
          <road int_id1="6" int_id2="5" one_way="false" speed_limit="30"/>
          <road int_id1="6" int_id2="8" one_way="false" speed_limit="30"/>
          <road int_id1="6" int_id2="7" one_way="false" speed_limit="30"/>
          <road int_id1="3" int_id2="6" one_way="false" speed_limit="30"/>
          <road int_id1="7" int_id2="9" one_way="false" speed_limit="30"/>
          <road int_id1="2" int_id2="5" one_way="false" speed_limit="100"/>
     </roads>
     <start_intersection id="0" image="LocationStart.png"/>
     <destination_intersection id="1" image="LocationDestination.png"/>
     <money amount="200"/>
     <police num="2"/>
     <bandits num="2"/>
     <zombies num="1"/>
</level>
