<?xml version="1.0" encoding="UTF-8" standalone="no"?>
<level image="L6TorrhensSquare.png" name="L6TorrhensSquare">
     <intersections>
          <intersection id="0" open="true" x="41" y="234"/>
          <intersection id="0" open="true" x="728" y="236"/>
          <intersection id="0" open="true" x="234" y="71"/>
          <intersection id="0" open="true" x="183" y="238"/>
          <intersection id="0" open="false" x="214" y="385"/>
          <intersection id="0" open="false" x="382" y="27"/>
          <intersection id="0" open="true" x="390" y="228"/>
          <intersection id="0" open="true" x="381" y="453"/>
          <intersection id="0" open="true" x="546" y="71"/>
          <intersection id="0" open="true" x="598" y="236"/>
          <intersection id="0" open="true" x="555" y="393"/>
     </intersections>
     <roads>
          <road int_id1="2" int_id2="3" one_way="false" speed_limit="100"/>
          <road int_id1="3" int_id2="4" one_way="false" speed_limit="30"/>
          <road int_id1="4" int_id2="7" one_way="false" speed_limit="30"/>
          <road int_id1="7" int_id2="10" one_way="false" speed_limit="100"/>
          <road int_id1="10" int_id2="9" one_way="false" speed_limit="30"/>
          <road int_id1="9" int_id2="1" one_way="true" speed_limit="30"/>
          <road int_id1="9" int_id2="8" one_way="false" speed_limit="30"/>
          <road int_id1="8" int_id2="5" one_way="false" speed_limit="30"/>
          <road int_id1="5" int_id2="2" one_way="false" speed_limit="30"/>
          <road int_id1="6" int_id2="6" one_way="false" speed_limit="30"/>
          <road int_id1="0" int_id2="3" one_way="true" speed_limit="30"/>
          <road int_id1="6" int_id2="10" one_way="false" speed_limit="60"/>
          <road int_id1="6" int_id2="8" one_way="false" speed_limit="70"/>
          <road int_id1="6" int_id2="2" one_way="false" speed_limit="30"/>
          <road int_id1="6" int_id2="5" one_way="false" speed_limit="30"/>
          <road int_id1="6" int_id2="3" one_way="false" speed_limit="10"/>
          <road int_id1="6" int_id2="4" one_way="false" speed_limit="30"/>
          <road int_id1="6" int_id2="7" one_way="false" speed_limit="30"/>
          <road int_id1="6" int_id2="9" one_way="false" speed_limit="30"/>
          <road int_id1="1" int_id2="1" one_way="false" speed_limit="30"/>
          <road int_id1="1" int_id2="1" one_way="false" speed_limit="30"/>
     </roads>
     <start_intersection id="0" image="LocationStart.png"/>
     <destination_intersection id="1" image="LocationDestination.png"/>
     <money amount="0"/>
     <police num="0"/>
     <bandits num="0"/>
     <zombies num="0"/>
</level>
