<?xml version="1.0" encoding="UTF-8" standalone="no"?>
<level image="L8GreywaterWatch.png" name="L8GreywaterWatch">
     <intersections>
          <intersection id="0" open="true" x="38" y="216"/>
          <intersection id="0" open="true" x="704" y="223"/>
          <intersection id="0" open="true" x="173" y="27"/>
          <intersection id="0" open="true" x="175" y="131"/>
          <intersection id="0" open="true" x="171" y="222"/>
          <intersection id="0" open="true" x="171" y="389"/>
          <intersection id="0" open="true" x="353" y="390"/>
          <intersection id="0" open="true" x="352" y="221"/>
          <intersection id="0" open="false" x="353" y="131"/>
          <intersection id="0" open="true" x="353" y="27"/>
          <intersection id="0" open="true" x="520" y="26"/>
          <intersection id="0" open="true" x="521" y="128"/>
          <intersection id="0" open="true" x="520" y="222"/>
          <intersection id="0" open="true" x="519" y="394"/>
     </intersections>
     <roads>
          <road int_id1="0" int_id2="0" one_way="false" speed_limit="30"/>
          <road int_id1="1" int_id2="1" one_way="false" speed_limit="30"/>
          <road int_id1="0" int_id2="4" one_way="true" speed_limit="30"/>
          <road int_id1="0" int_id2="4" one_way="false" speed_limit="30"/>
          <road int_id1="4" int_id2="3" one_way="false" speed_limit="30"/>
          <road int_id1="3" int_id2="2" one_way="false" speed_limit="30"/>
          <road int_id1="2" int_id2="9" one_way="false" speed_limit="30"/>
          <road int_id1="9" int_id2="10" one_way="true" speed_limit="30"/>
          <road int_id1="10" int_id2="11" one_way="false" speed_limit="30"/>
          <road int_id1="11" int_id2="12" one_way="false" speed_limit="30"/>
          <road int_id1="12" int_id2="13" one_way="false" speed_limit="60"/>
          <road int_id1="7" int_id2="6" one_way="false" speed_limit="30"/>
          <road int_id1="6" int_id2="13" one_way="true" speed_limit="30"/>
          <road int_id1="6" int_id2="5" one_way="false" speed_limit="30"/>
          <road int_id1="5" int_id2="4" one_way="false" speed_limit="60"/>
          <road int_id1="3" int_id2="8" one_way="false" speed_limit="100"/>
          <road int_id1="8" int_id2="11" one_way="false" speed_limit="30"/>
          <road int_id1="8" int_id2="7" one_way="false" speed_limit="30"/>
          <road int_id1="8" int_id2="9" one_way="false" speed_limit="30"/>
          <road int_id1="7" int_id2="12" one_way="false" speed_limit="10"/>
          <road int_id1="7" int_id2="4" one_way="false" speed_limit="30"/>
          <road int_id1="12" int_id2="1" one_way="true" speed_limit="30"/>
     </roads>
     <start_intersection id="0" image="LocationStart.png"/>
     <destination_intersection id="1" image="LocationDestination.png"/>
     <money amount="300"/>
     <police num="3"/>
     <bandits num="2"/>
     <zombies num="2"/>
</level>
