<?xml version="1.0" encoding="UTF-8" standalone="no"?>
<level image="L9TheTwins.png" name="L9TheTwins">
     <intersections>
          <intersection id="0" open="true" x="42" y="249"/>
          <intersection id="0" open="false" x="869" y="50"/>
          <intersection id="0" open="true" x="76" y="49"/>
          <intersection id="0" open="true" x="202" y="125"/>
          <intersection id="0" open="true" x="299" y="184"/>
          <intersection id="0" open="true" x="413" y="248"/>
          <intersection id="0" open="false" x="597" y="395"/>
          <intersection id="0" open="true" x="727" y="481"/>
          <intersection id="0" open="true" x="71" y="483"/>
          <intersection id="0" open="true" x="202" y="396"/>
          <intersection id="0" open="true" x="600" y="252"/>
          <intersection id="0" open="true" x="705" y="48"/>
          <intersection id="0" open="true" x="306" y="324"/>
          <intersection id="0" open="true" x="596" y="122"/>
     </intersections>
     <roads>
          <road int_id1="0" int_id2="5" one_way="true" speed_limit="30"/>
          <road int_id1="0" int_id2="0" one_way="false" speed_limit="30"/>
          <road int_id1="11" int_id2="1" one_way="true" speed_limit="30"/>
          <road int_id1="2" int_id2="3" one_way="false" speed_limit="70"/>
          <road int_id1="3" int_id2="4" one_way="false" speed_limit="30"/>
          <road int_id1="4" int_id2="5" one_way="false" speed_limit="30"/>
          <road int_id1="5" int_id2="10" one_way="false" speed_limit="30"/>
          <road int_id1="10" int_id2="13" one_way="false" speed_limit="30"/>
          <road int_id1="5" int_id2="6" one_way="false" speed_limit="30"/>
          <road int_id1="6" int_id2="7" one_way="false" speed_limit="30"/>
          <road int_id1="7" int_id2="11" one_way="true" speed_limit="40"/>
          <road int_id1="2" int_id2="11" one_way="false" speed_limit="30"/>
          <road int_id1="8" int_id2="9" one_way="false" speed_limit="30"/>
          <road int_id1="9" int_id2="12" one_way="false" speed_limit="30"/>
          <road int_id1="8" int_id2="7" one_way="false" speed_limit="30"/>
          <road int_id1="12" int_id2="5" one_way="false" speed_limit="100"/>
          <road int_id1="9" int_id2="6" one_way="false" speed_limit="30"/>
          <road int_id1="13" int_id2="3" one_way="false" speed_limit="30"/>
          <road int_id1="13" int_id2="13" one_way="false" speed_limit="30"/>
     </roads>
     <start_intersection id="0" image="LocationStart.png"/>
     <destination_intersection id="1" image="LocationDestination.png"/>
     <money amount="300"/>
     <police num="3"/>
     <bandits num="3"/>
     <zombies num="3"/>
</level>
